TRAGEDY, 1
OF, 1
ROMEO, 1
AND, 1
JULIET, 1
William, 1
Shakespeare, 1
Dramatis, 1
Personae, 1
Count, 1
family., 1
Abram, 1
houses;, 1
Torchbearers, 1
Pages, 1
Guards, 1
Watchmen, 1
Servants, 1
Attendants., 1
SCENE.--Verona;, 1
households, 1
alike, 1
dignity, 1
grudge, 1
unclean., 1
loins, 1
foes, 1
star-cross'd, 1
misadventur'd, 1
overthrows, 1
strife., 1
passage, 1
death-mark'd, 1
continuance, 1
children's, 1
hours', 1
traffic, 1
stage;, 1
miss, 1
strive, 1
mend., 1
(with, 1
bucklers), 1
coals., 1
colliers., 1
collar., 1
strike., 1
moves, 1
runn'st, 1
Montague's., 1
slave;, 1
weakest, 1
true;, 1
weaker, 1
vessels, 1
push, 1
Montague's, 1
masters, 1
tyrant., 1
maids-, 1
maids?, 1
maidenheads., 1
wilt., 1
Me, 1
stand;, 1
fish;, 1
poor-John., 1
tool!, 1
Montagues., 1
[Abram, 1
Balthasar]., 1
naked, 1
Quarrel!, 1
run?, 1
marry., 1
sides;, 1
begin., 1
list., 1
dare., 1
disgrace, 1
Gregory], 1
ay?, 1
Quarrel, 1
better., 1
'better.', 1
master's, 1
swashing, 1
Part, 1
fools!, 1
[Beats, 1
swords.], 1
swords., 1
heartless, 1
hinds?, 1
coward!, 1
officer, 1
clubs, 1
partisans., 1
Clubs, 1
bills, 1
partisans!, 1
Strike!, 1
Capulets!, 1
Montagues!, 1
gown, 1
crutch, 1
crutch!, 1
sword?, 1
flourishes, 1
blade, 1
Capulet!-, 1
Train., 1
Rebellious, 1
subjects, 1
enemies, 1
Profaners, 1
neighbour-stained, 1
steel-, 1
hear?, 1
beasts, 1
pernicious, 1
purple, 1
fountains, 1
issuing, 1
veins!, 1
Throw, 1
mistempered, 1
weapons, 1
prince., 1
bred, 1
thrice, 1
disturb'd, 1
beseeming, 1
wield, 1
partisans, 1
Cank'red, 1
cank'red, 1
hate., 1
depart, 1
Freetown, 1
Once, 1
abroach?, 1
began?, 1
servants, 1
adversary, 1
fighting, 1
instant, 1
prepar'd;, 1
defiance, 1
swung, 1
hiss'd, 1
scorn., 1
While, 1
interchanging, 1
parted, 1
Saw, 1
Right, 1
fray., 1
worshipp'd, 1
Peer'd, 1
troubled, 1
drave, 1
abroad;, 1
grove, 1
sycamore, 1
westward, 1
rooteth, 1
city's, 1
walking, 1
son., 1
made;, 1
stole, 1
covert, 1
wood., 1
I-, 1
measuring, 1
self-, 1
Pursu'd, 1
Pursuing, 1
shunn'd, 1
fled, 1
augmenting, 1
Adding, 1
all-cheering, 1
furthest, 1
bean, 1
shady, 1
curtains, 1
Aurora's, 1
steals, 1
pens, 1
Shuts, 1
artificial, 1
Black, 1
portentous, 1
remove., 1
cause?, 1
neither, 1
importun'd, 1
means?, 1
affections', 1
counsellor, 1
himself-, 1
true-, 1
sounding, 1
discovery, 1
bit, 1
spread, 1
dedicate, 1
whence, 1
willingly, 1
know., 1
step, 1
grievance, 1
denied., 1
[Montague, 1
Wife]., 1
cousin., 1
young?, 1
seem, 1
went, 1
fast?, 1
was., 1
lengthens, 1
hours?, 1
Out-, 1
tyrannous, 1
proof!, 1
muffled, 1
pathways, 1
will!, 1
dine?, 1
fray, 1
brawling, 1
create!, 1
lightness!, 1
serious, 1
vanity!, 1
chaos, 1
well-seeming, 1
forms!, 1
Feather, 1
health!, 1
Still-waking, 1
laugh?, 1
oppression., 1
transgression., 1
Griefs, 1
propagate, 1
prest, 1
thine., 1
add, 1
fume, 1
purg'd, 1
sparkling, 1
vex'd, 1
nourish'd, 1
madness, 1
discreet, 1
choking, 1
gall, 1
preserving, 1
coz., 1
along., 1
wrong., 1
here:, 1
where., 1
groan, 1
Groan?, 1
no;, 1
sadly, 1
who., 1
ill!, 1
aim'd, 1
lov'd., 1
markman!, 1
soonest, 1
hit., 1
miss., 1
She'll, 1
arrow., 1
Dian's, 1
chastity, 1
childish, 1
unharm'd., 1
terms, 1
bide, 1
assailing, 1
lap, 1
saint-seducing, 1
gold., 1
beauty;, 1
store., 1
chaste?, 1
sparing, 1
huge, 1
waste;, 1
starv'd, 1
severity, 1
Cuts, 1
posterity., 1
bliss, 1
me:, 1
think!, 1
liberty, 1
beauties., 1
(exquisite), 1
masks, 1
puts, 1
strucken, 1
treasure, 1
lost., 1
pass'd, 1
forget., 1
doctrine, 1
Street., 1
[Servant], 1
-the, 1
Clown., 1
penalty, 1
alike;, 1
reckoning, 1
liv'd, 1
odds, 1
suit?, 1
saying, 1
before:, 1
stranger, 1
summers, 1
wither, 1
ripe, 1
mothers, 1
marr'd, 1
swallowed, 1
hopes, 1
she;, 1
hopeful, 1
woo, 1
agree, 1
scope, 1
choice, 1
according, 1
voice., 1
accustom'd, 1
Whereto, 1
invited, 1
guest, 1
store, 1
Earth-treading, 1
apparell'd, 1
April, 1
limping, 1
Winter, 1
treads, 1
female, 1
buds, 1
Inherit, 1
reck'ning, 1
[To, 1
Servant, 1
paper], 1
trudge, 1
stay-, 1
[Capulet, 1
Paris]., 1
shoemaker, 1
meddle, 1
yard, 1
fisher, 1
pencil, 1
painter, 1
nets;, 1
writing, 1
learned., 1
Tut, 1
burns, 1
burning;, 1
lessoned, 1
anguish;, 1
giddy, 1
holp, 1
turning;, 1
cures, 1
languish., 1
infection, 1
rank, 1
plantain, 1
leaf, 1
broken, 1
shin., 1
madman, 1
Shut, 1
Prison, 1
kept, 1
Whipp'd, 1
tormented, 1
and-, 1
God-den, 1
gi', 1
go-den., 1
read?, 1
misery., 1
Perhaps, 1
learned, 1
see?, 1
language., 1
Ye, 1
honestly., 1
fellow;, 1
read., 1
reads., 1
'Signior, 1
Martino, 1
Anselmo, 1
sisters;, 1
widow, 1
Vitruvio;, 1
Placentio, 1
nieces;, 1
Valentine;, 1
niece, 1
Livia;, 1
Valentio, 1
Lucio, 1
lively, 1
Helena.', 1
[Gives, 1
paper.], 1
assembly., 1
Whither, 1
come?, 1
Up., 1
Whither?, 1
house?, 1
master's., 1
asking., 1
crush, 1
wine., 1
Sups, 1
lov'st;, 1
admired, 1
beauties, 1
thither, 1
unattainted, 1
Compare, 1
swan, 1
crow., 1
devout, 1
religion, 1
Maintains, 1
falsehood, 1
fires;, 1
drown'd, 1
Transparent, 1
heretics, 1
liars!, 1
all-seeing, 1
Ne'er, 1
begun., 1
Herself, 1
pois'd, 1
crystal, 1
scales, 1
weigh'd, 1
shining, 1
scant, 1
splendour, 1
daughter?, 1
maidenhead, 1
bade, 1
ladybird!, 1
forbid!, 1
will?, 1
matter-, 1
secret., 1
again;, 1
rememb'red, 1
thou's, 1
teeth-, 1
teen, 1
spoken, 1
four-, 1
Lammastide?, 1
fortnight, 1
Christian, 1
souls!), 1
God;, 1
fourteen;, 1
marry;, 1
earthquake, 1
wean'd, 1
(I, 1
it), 1
day;, 1
Sitting, 1
dovehouse, 1
brain., 1
nipple, 1
tetchy, 1
dug!, 1
Shake, 1
dovehouse!, 1
'Twas, 1
trow, 1
trudge., 1
high-lone;, 1
rood, 1
waddled, 1
about;, 1
broke, 1
man), 1
child., 1
'dost, 1
wit;, 1
holidam, 1
about!, 1
yeas, 1
'Wilt, 1
Enough, 1
madam., 1
bump, 1
cock'rel's, 1
stone;, 1
perilous, 1
knock;, 1
cried, 1
bitterly., 1
'fall'st, 1
comest, 1
age;, 1
stint, 1
grace!, 1
babe, 1
nurs'd., 1
wish., 1
'marry', 1
theme, 1
married?, 1
honour?, 1
teat., 1
esteem, 1
mothers., 1
brief:, 1
seeks, 1
world-, 1
wax., 1
faith-, 1
Read, 1
beauty's, 1
pen;, 1
lineament, 1
content;, 1
obscur'd, 1
margent, 1
unbound, 1
beautify, 1
lacks, 1
cover., 1
fish, 1
hide., 1
many's, 1
glory, 1
clasps, 1
story;, 1
possess, 1
less., 1
less?, 1
bigger!, 1
briefly, 1
looking, 1
liking, 1
move;, 1
endart, 1
curs'd, 1
pantry, 1
everything, 1
extremity., 1
wait., 1
[Servingman]., 1
stays., 1
nights, 1
six, 1
Maskers;, 1
Torchbearers., 1
speech, 1
excuse?, 1
apology?, 1
prolixity., 1
hoodwink'd, 1
scarf, 1
Bearing, 1
Tartar's, 1
painted, 1
lath, 1
Scaring, 1
crowkeeper;, 1
without-book, 1
prologue, 1
faintly, 1
After, 1
prompter, 1
entrance;, 1
torch., 1
ambling., 1
nimble, 1
soles;, 1
stakes, 1
move., 1
lover., 1
Borrow, 1
bound., 1
sore, 1
enpierced, 1
shaft, 1
feathers;, 1
pitch, 1
sink., 1
sink, 1
thing?, 1
boist'rous, 1
pricks, 1
thorn., 1
Prick, 1
pricking, 1
visage, 1
visor!, 1
curious, 1
quote, 1
deformities?, 1
beetle, 1
knock, 1
enter;, 1
sooner, 1
betake, 1
legs., 1
wantons, 1
Tickle, 1
senseless, 1
rushes, 1
heels;, 1
proverb'd, 1
grandsire, 1
phrase, 1
candle-holder, 1
on;, 1
game, 1
dun's, 1
constable's, 1
word!, 1
Dun, 1
mire, 1
sir-reverence, 1
wherein, 1
stick'st, 1
lights, 1
lamps, 1
meaning, 1
Five, 1
masque;, 1
ask?, 1
yours?, 1
dreamers, 1
Queen, 1
midwife, 1
bigger, 1
agate, 1
stone, 1
forefinger, 1
alderman, 1
Drawn, 1
team, 1
atomies, 1
Athwart, 1
noses, 1
asleep;, 1
wagon, 1
spokes, 1
spinners', 1
legs, 1
cover, 1
grasshoppers;, 1
traces, 1
smallest, 1
spider's, 1
web;, 1
collars, 1
moonshine's, 1
wat'ry, 1
beams;, 1
cricket's, 1
bone;, 1
lash, 1
film;, 1
grey-coated, 1
gnat, 1
round, 1
Prick'd, 1
lazy, 1
maid;, 1
chariot, 1
hazelnut, 1
Made, 1
joiner, 1
squirrel, 1
grub, 1
Time, 1
coachmakers., 1
'gallops, 1
brains, 1
courtiers', 1
cursies, 1
straight;, 1
lawyers', 1
fees;, 1
angry, 1
blisters, 1
plagues, 1
breaths, 1
sweetmeats, 1
tainted, 1
Sometime, 1
gallops, 1
courtier's, 1
smelling, 1
suit;, 1
sometime, 1
tithe-pig's, 1
tail, 1
Tickling, 1
parson's, 1
benefice., 1
Sometimes, 1
driveth, 1
cutting, 1
foreign, 1
throats, 1
breaches, 1
ambuscadoes, 1
Spanish, 1
blades, 1
healths, 1
fadom, 1
anon, 1
Drums, 1
wakes, 1
frighted, 1
swears, 1
prayer, 1
plats, 1
manes, 1
horses, 1
bakes, 1
elflocks, 1
sluttish, 1
hairs, 1
untangled, 1
misfortune, 1
bodes, 1
hag, 1
backs, 1
learns, 1
Making, 1
carriage., 1
she-, 1
peace!, 1
talk'st, 1
True, 1
dreams;, 1
idle, 1
Begot, 1
fantasy;, 1
thin, 1
wooes, 1
frozen, 1
North, 1
anger'd, 1
puffs, 1
Turning, 1
dew-dropping, 1
South., 1
ourselves., 1
Supper, 1
early;, 1
misgives, 1
consequence, 1
hanging, 1
bitterly, 1
revels, 1
expire, 1
despised, 1
steerage, 1
Direct, 1
Strike, 1
drum., 1
march, 1
stage., 1
napkins., 1
Potpan, 1
shift, 1
scrape, 1
unwash'd, 1
join-stools, 1
court-cubbert, 1
plate., 1
marchpane, 1
porter, 1
Grindstone, 1
Nell., 1
Anthony, 1
Potpan!, 1
ready., 1
boys!, 1
brisk, 1
liver, 1
Servants,], 1
Guests, 1
Maskers., 1
Ladies, 1
toes, 1
Unplagu'd, 1
corns, 1
bout, 1
mistresses!, 1
dainty, 1
corns., 1
whispering, 1
please., 1
play., 1
hall, 1
hall!, 1
room!, 1
girls., 1
Music, 1
knaves!, 1
tables, 1
room, 1
unlook'd-for, 1
mask?, 1
By'r, 1
thirty, 1
years., 1
much!, 1
nuptial, 1
Lucentio, 1
Pentecost, 1
five-and-twenty, 1
mask'd., 1
more!, 1
elder, 1
thirty., 1
ward, 1
[to, 1
Servingman], 1
enrich, 1
knight?, 1
bright!, 1
jewel, 1
Ethiop's, 1
ear-, 1
Beauty, 1
snowy, 1
dove, 1
trooping, 1
crows, 1
shows., 1
touching, 1
Forswear, 1
Fetch, 1
cover'd, 1
fleer, 1
stock, 1
kin, 1
kinsman?, 1
Wherefore, 1
Uncle, 1
foe;, 1
solemnity, 1
Content, 1
portly, 1
brags, 1
virtuous, 1
well-govern'd, 1
youth., 1
wealth, 1
disparagement., 1
frowns, 1
semblance, 1
fits, 1
guest., 1
endur'd., 1
goodman, 1
boy?, 1
mend, 1
guests!, 1
cock-a-hoop!, 1
Is't, 1
indeed?, 1
trick, 1
scathe, 1
contrary, 1
time.-, 1
hearts!-, 1
princox-, 1
or-, 1
light!-, 1
quiet;, 1
what!-, 1
hearts!, 1
Patience, 1
wilful, 1
meeting, 1
Makes, 1
tremble, 1
different, 1
withdraw;, 1
intrusion, 1
convert, 1
bitt'rest, 1
gall., 1
profane, 1
unworthiest, 1
shrine, 1
blushing, 1
pilgrims, 1
wrong, 1
mannerly, 1
devotion, 1
this;, 1
pilgrims', 1
palmers', 1
palmers, 1
pray'r., 1
do!, 1
pray;, 1
Saints, 1
prayers', 1
sake., 1
prayer's, 1
take., 1
purg'd., 1
took., 1
Sin, 1
lips?, 1
trespass, 1
sweetly, 1
urg'd!, 1
bachelor, 1
virtuous., 1
nurs'd, 1
chinks., 1
Capulet?, 1
account!, 1
foe's, 1
fear;, 1
unrest., 1
gentlemen, 1
trifling, 1
banquet, 1
towards., 1
Maskers.], 1
fay, 1
waxes, 1
rest., 1
Tiberio., 1
door?, 1
Petruchio., 1
follows, 1
name.-, 1
sprung, 1
unknown, 1
late!, 1
Prodigious, 1
what's, 1
danc'd, 1
'Juliet.', 1
anon!, 1
away;, 1
strangers, 1
deathbed, 1
affection, 1
gapes, 1
groan'd, 1
match'd, 1
belov'd, 1
Alike, 1
bewitched, 1
charm, 1
looks;, 1
complain, 1
bait, 1
hooks., 1
access, 1
breathe, 1
vows, 1
beloved, 1
anywhere;, 1
passion, 1
Temp'ring, 1
extremities, 1
extreme, 1
lane, 1
forward, 1
centre, 1
[Climbs, 1
leaps, 1
it.], 1
leapt, 1
humours!, 1
madman!, 1
passion!, 1
lover!, 1
Appear, 1
sigh;, 1
satisfied!, 1
Cry, 1
'Ay, 1
me!', 1
'love', 1
'dove';, 1
gossip, 1
nickname, 1
purblind, 1
Adam, 1
Cophetua, 1
beggar, 1
heareth, 1
stirreth, 1
moveth, 1
ape, 1
Rosaline's, 1
forehead, 1
lip, 1
quivering, 1
thigh, 1
adjacent, 1
us!, 1
'Twould, 1
circle, 1
letting, 1
conjur'd, 1
spite;, 1
invocation, 1
honest:, 1
trees, 1
consorted, 1
humorous, 1
Blind, 1
befits, 1
mark., 1
medlar, 1
fruit, 1
medlars, 1
et, 1
cetera, 1
pop'rin, 1
pear!, 1
truckle-bed;, 1
field-bed, 1
go?, 1
'To, 1
found., 1
jests, 1
scars, 1
wound., 1
window., 1
breaks?, 1
sun!, 1
Arise, 1
envious., 1
livery, 1
fools, 1
off., 1
lady;, 1
were!, 1
discourses;, 1
bold;, 1
fairest, 1
twinkle, 1
spheres, 1
head?, 1
brightness, 1
lamp;, 1
region, 1
stream, 1
birds, 1
leans, 1
hand!, 1
glove, 1
cheek!, 1
angel!, 1
glorious, 1
winged, 1
white-upturned, 1
wond'ring, 1
bestrides, 1
lazy-pacing, 1
sails, 1
air., 1
Deny, 1
refuse, 1
Belonging, 1
name?, 1
rose, 1
smell, 1
Retain, 1
perfection, 1
owes, 1
title., 1
doff, 1
name;, 1
baptiz'd;, 1
Henceforth, 1
bescreen'd, 1
stumblest, 1
counsel?, 1
tongue's, 1
utterance, 1
Neither, 1
dislike., 1
wherefore?, 1
considering, 1
o'erperch, 1
walls;, 1
limits, 1
attempt., 1
peril, 1
swords!, 1
enmity., 1
cloak, 1
sight;, 1
prorogued, 1
direction, 1
found'st, 1
prompt, 1
enquire., 1
pilot;, 1
vast, 1
shore, 1
farthest, 1
adventure, 1
merchandise., 1
mask, 1
maiden, 1
bepaint, 1
Fain, 1
form-, 1
spoke;, 1
compliment!, 1
'Ay';, 1
swear'st, 1
false., 1
perjuries, 1
Jove, 1
laughs., 1
faithfully., 1
thinkest, 1
won, 1
perverse, 1
woo;, 1
haviour, 1
strange., 1
overheard'st, 1
true-love, 1
passion., 1
impute, 1
yielding, 1
discovered., 1
tips, 1
fruit-tree, 1
tops-, 1
monthly, 1
changes, 1
circled, 1
orb, 1
variable., 1
by?, 1
all;, 1
gracious, 1
self, 1
god, 1
idolatry, 1
swear., 1
Although, 1
contract, 1
rash, 1
unadvis'd, 1
sudden;, 1
'It, 1
lightens.', 1
summer's, 1
ripening, 1
flow'r, 1
meet., 1
repose, 1
unsatisfied?, 1
satisfaction, 1
Th', 1
request, 1
Would'st, 1
frank, 1
bounty, 1
boundless, 1
infinite., 1
Dear, 1
[Nurse], 1
nurse!, 1
afeard, 1
flattering-sweet, 1
substantial., 1
above., 1
indeed., 1
bent, 1
procure, 1
perform, 1
rite;, 1
fortunes, 1
throughout, 1
anon.-, 1
meanest, 1
By-and-by, 1
come.-, 1
suit, 1
grief., 1
send., 1
thrive, 1
soul-, 1
light!, 1
schoolboys, 1
books;, 1
towards, 1
school, 1
looks., 1
[above]., 1
Hist!, 1
hist!, 1
falconer's, 1
lure, 1
tassel-gentle, 1
again!, 1
Bondage, 1
aloud;, 1
cave, 1
Echo, 1
repetition, 1
silver-sweet, 1
tongues, 1
softest, 1
attending, 1
ears!, 1
dear?, 1
o'clock, 1
fail., 1
Rememb'ring, 1
Forgetting, 1
gone-, 1
wanton's, 1
bird, 1
lets, 1
hop, 1
prisoner, 1
twisted, 1
gyves, 1
thread, 1
plucks, 1
loving-jealous, 1
liberty., 1
bird., 1
cherishing., 1
Parting, 1
morrow., 1
rest!, 1
crave, 1
tell., 1
basket., 1
grey-ey'd, 1
frowning, 1
Check'ring, 1
Eastern, 1
flecked, 1
darkness, 1
drunkard, 1
reels, 1
path, 1
Titan's, 1
wheels., 1
Non, 1
advance, 1
burning, 1
dank, 1
up-fill, 1
osier, 1
cage, 1
baleful, 1
precious-juiced, 1
burying, 1
womb;, 1
divers, 1
sucking, 1
find;, 1
virtues, 1
None, 1
different., 1
mickle, 1
powerful, 1
plants, 1
herbs, 1
stones, 1
qualities;, 1
special, 1
give;, 1
strain'd, 1
Revolts, 1
stumbling, 1
abuse., 1
Virtue, 1
misapplied, 1
sometime's, 1
action, 1
dignified., 1
infant, 1
rind, 1
residence, 1
medicine, 1
power;, 1
smelt, 1
cheers, 1
part;, 1
tasted, 1
slays, 1
senses, 1
opposed, 1
kings, 1
encamp, 1
herbs-, 1
predominant, 1
canker, 1
eats, 1
plant., 1
Benedicite!, 1
saluteth, 1
argues, 1
distempered, 1
Care, 1
lodges, 1
lie;, 1
unbruised, 1
unstuff'd, 1
couch, 1
limbs, 1
reign., 1
earliness, 1
assure, 1
uprous'd, 1
distemp'rature;, 1
right-, 1
true-the, 1
sweeter, 1
Wast, 1
Rosaline?, 1
son!, 1
wounded, 1
wounded., 1
remedies, 1
physic, 1
hatred, 1
intercession, 1
steads, 1
plain, 1
homely, 1
drift, 1
Riddling, 1
riddling, 1
plainly, 1
combin'd, 1
combine, 1
marriage., 1
woo'd, 1
pass;, 1
to-day., 1
Francis!, 1
forsaken?, 1
hearts, 1
Maria!, 1
brine, 1
sallow, 1
Rosaline!, 1
thrown, 1
season, 1
taste!, 1
clears, 1
Lo, 1
stain, 1
yet., 1
chang'd?, 1
Pronounce, 1
then:, 1
chid'st, 1
doting, 1
pupil, 1
bad'st, 1
allow., 1
rote, 1
spell., 1
waverer, 1
assistant, 1
alliance, 1
households', 1
rancour, 1
hence!, 1
Wisely, 1
stumble, 1
fast., 1
father's., 1
hard-hearted, 1
Torments, 1
Any, 1
letter's, 1
dared., 1
stabb'd, 1
wench's, 1
song;, 1
pin, 1
cleft, 1
bow-boy's, 1
butt-shaft;, 1
courageous, 1
captain, 1
compliments., 1
pricksong-keeps, 1
distance, 1
proportion;, 1
rests, 1
minim, 1
third, 1
butcher, 1
button, 1
duellist, 1
duellist!, 1
cause., 1
punto, 1
reverse!, 1
hay., 1
pox, 1
lisping, 1
affecting, 1
fantasticoes-, 1
tuners, 1
accent!, 1
'By, 1
blade!, 1
tall, 1
whore!', 1
grandsir, 1
afflicted, 1
fashion-mongers, 1
pardona-mi's, 1
ease, 1
bench?, 1
bones!, 1
roe, 1
dried, 1
herring., 1
fishified!, 1
numbers, 1
Petrarch, 1
flowed, 1
Laura, 1
kitchen, 1
(marry, 1
berhyme, 1
her), 1
Dido, 1
dowdy, 1
Cleopatra, 1
gypsy, 1
Helen, 1
Hero, 1
hildings, 1
harlots, 1
gray, 1
purpose., 1
bon, 1
jour!, 1
salutation, 1
slop., 1
slip, 1
slip., 1
conceive?, 1
strain, 1
constrains, 1
hams., 1
cursy., 1
kindly, 1
exposition., 1
pink, 1
Pink, 1
Right., 1
well-flower'd., 1
said!, 1
single, 1
sole, 1
singular., 1
single-sold, 1
singular, 1
singleness!, 1
Swits, 1
spurs, 1
swits, 1
spurs!, 1
match., 1
wild-goose, 1
chase, 1
done;, 1
five., 1
sweeting;, 1
sharp, 1
sauce., 1
cheveril, 1
stretches, 1
inch, 1
narrow, 1
ell, 1
broad!, 1
stretch, 1
'broad,', 1
added, 1
proves, 1
groaning, 1
sociable, 1
nature., 1
drivelling, 1
runs, 1
lolling, 1
bauble, 1
hole., 1
there!, 1
desirest, 1
hair., 1
large., 1
deceiv'd!, 1
short;, 1
depth, 1
occupy, 1
argument, 1
longer., 1
goodly, 1
gear!, 1
[Peter]., 1
sail, 1
two!, 1
shirt, 1
smock., 1
fan's, 1
two., 1
good-den, 1
gentlewoman., 1
good-den?, 1
ye;, 1
bawdy, 1
dial, 1
prick, 1
noon., 1
mar., 1
said., 1
'For, 1
mar,', 1
'a?, 1
older, 1
youngest, 1
worse., 1
worst, 1
Very, 1
faith!, 1
wisely., 1
confidence, 1
endite, 1
supper., 1
bawd!, 1
found?, 1
lenten, 1
pie, 1
stale, 1
walks, 1
sings., 1
Lent;, 1
score, 1
hoars, 1
spent., 1
father's?, 1
dinner, 1
[sings], 1
merchant, 1
ropery?, 1
month., 1
an'a, 1
lustier, 1
jacks;, 1
flirt-gills;, 1
skains-mates., 1
suffer, 1
pleasure!, 1
pleasure., 1
vexed, 1
quivers., 1
enquire, 1
fool's, 1
gross, 1
behaviour, 1
say;, 1
young;, 1
double, 1
off'red, 1
dealing., 1
commend, 1
gentlemanlike, 1
offer., 1
afternoon;, 1
shriv'd, 1
married., 1
penny., 1
abbey, 1
tackled, 1
stair, 1
topgallant, 1
convoy, 1
trusty, 1
quit, 1
secret?, 1
putting, 1
steel., 1
prating, 1
thing-, 1
nobleman, 1
aboard;, 1
lieve, 1
sometimes, 1
properer, 1
clout, 1
versal, 1
letter?, 1
R., 1
mocker!, 1
dog's, 1
R, 1
the-, 1
No;, 1
letter;, 1
sententious, 1
times., 1
Romeo.], 1
apace., 1
clock, 1
'promis'd, 1
Perchance, 1
lame!, 1
heralds, 1
faster, 1
glide, 1
sun's, 1
beams, 1
Driving, 1
low'ring, 1
hills., 1
nimble-pinion'd, 1
doves, 1
wind-swift, 1
wings., 1
highmost, 1
hill, 1
journey, 1
hours;, 1
ball;, 1
bandy, 1
folks, 1
feign, 1
Unwieldy, 1
lead., 1
Peter]., 1
comes!, 1
gate., 1
Peter.], 1
nurse-, 1
sad?, 1
merrily;, 1
playing, 1
aweary, 1
ache!, 1
jaunce, 1
awhile?, 1
excuse., 1
circumstance., 1
choice;, 1
he., 1
men's;, 1
compare., 1
courtesy, 1
lamb., 1
wench;, 1
God., 1
din'd, 1
home?, 1
no., 1
marriage?, 1
aches!, 1
I!, 1
pieces., 1
t', 1
side,-, 1
back!, 1
sending, 1
catch, 1
jauncing, 1
I', 1
sorry, 1
handsome;, 1
virtuous-, 1
oddly, 1
repliest!, 1
'Your, 1
"Where, 1
mother?"', 1
hot?, 1
trow., 1
poultice, 1
aching, 1
bones?, 1
messages, 1
yourself., 1
coil!, 1
cell;, 1
stays, 1
cheeks:, 1
They'll, 1
ladder, 1
bird's, 1
drudge, 1
delight;, 1
Go;, 1
dinner;, 1
VI., 1
after-hours, 1
Amen, 1
amen!, 1
countervail, 1
love-devouring, 1
dare-, 1
ends, 1
consume., 1
deliciousness, 1
confounds, 1
appetite., 1
moderately:, 1
so;, 1
arrives, 1
tardy, 1
flint., 1
bestride, 1
gossamer, 1
idles, 1
fall;, 1
vanity., 1
confessor., 1
thanks, 1
heap'd, 1
skill, 1
blazon, 1
sweeten, 1
neighbour, 1
music's, 1
Unfold, 1
imagin'd, 1
happiness, 1
Receive, 1
encounter., 1
Conceit, 1
Brags, 1
ornament., 1
beggars, 1
worth;, 1
excess, 1
wealth., 1
work;, 1
incorporate, 1
Men., 1
retire., 1
abroad., 1
brawl, 1
stirring., 1
enters, 1
confines, 1
tavern, 1
claps, 1
table, 1
'God, 1
thee!', 1
operation, 1
draws, 1
drawer, 1
fellow?, 1
jack, 1
mood, 1
Italy;, 1
to?, 1
shortly, 1
Thou!, 1
beard, 1
hast., 1
cracking, 1
nuts, 1
hazel, 1
quarrel?, 1
quarrels, 1
meat;, 1
beaten, 1
addle, 1
quarrelling., 1
quarrell'd, 1
coughing, 1
wakened, 1
Didst, 1
doublet, 1
Easter, 1
tying, 1
riband?, 1
tutor, 1
quarrelling!, 1
quarter., 1
simple?, 1
simple!, 1
others., 1
den., 1
Couple, 1
something;, 1
occasion., 1
consortest, 1
Consort?, 1
minstrels?, 1
minstrels, 1
discords., 1
fiddlestick;, 1
consort!, 1
haunt, 1
coldly, 1
grievances, 1
Men's, 1
gaze., 1
budge, 1
hang'd, 1
livery., 1
field, 1
he'll, 1
follower!, 1
villain., 1
appertaining, 1
injuries, 1
injur'd, 1
dishonourable, 1
submission!, 1
Alla, 1
stoccata, 1
carries, 1
ratcatcher, 1
walk?, 1
eight., 1
pitcher, 1
Gentle, 1
[They, 1
fight.], 1
Benvolio;, 1
weapons., 1
outrage!, 1
expressly, 1
Forbid, 1
bandying, 1
streets., 1
Mercutio!, 1
Followers]., 1
hurt., 1
sped., 1
nothing?, 1
hurt?, 1
scratch., 1
page?, 1
surgeon., 1
Page.], 1
Courage, 1
door;, 1
'twill, 1
serve., 1
Ask, 1
peppered, 1
rat, 1
braggart, 1
rogue, 1
arithmetic!, 1
arm., 1
worms', 1
soundly, 1
[supported, 1
ally, 1
behalf-, 1
reputation, 1
slander-, 1
effeminate, 1
soft'ned, 1
valour's, 1
aspir'd, 1
fate, 1
moe, 1
depend;, 1
furious, 1
Alive, 1
slain?, 1
respective, 1
lenity, 1
fire-ey'd, 1
'villain', 1
gavest, 1
Staying, 1
consort, 1
Shalt, 1
falls., 1
slain., 1
amaz'd., 1
taken., 1
stay?, 1
Mercutio?, 1
he?, 1
obey., 1
[attended], 1
Wives, 1
[others]., 1
beginners, 1
discover, 1
unlucky, 1
brawl., 1
Prince!, 1
husband!, 1
spill'd, 1
kinsman!, 1
began, 1
bethink, 1
displeasure., 1
this-, 1
uttered, 1
humbly, 1
bow'd-, 1
truce, 1
unruly, 1
spleen, 1
tilts, 1
piercing, 1
breast;, 1
martial, 1
Cold, 1
sends, 1
dexterity, 1
Retorts, 1
aloud, 1
'Hold, 1
friends!, 1
part!', 1
swifter, 1
agile, 1
points, 1
'twixt, 1
rushes;, 1
fled;, 1
entertain'd, 1
revenge, 1
lightning;, 1
fell, 1
Affection, 1
false, 1
strife, 1
justice, 1
give., 1
owe?, 1
concludes, 1
offence, 1
Immediately, 1
interest, 1
hate's, 1
proceeding, 1
a-bleeding;, 1
amerce, 1
pleading, 1
excuses;, 1
prayers, 1
purchase, 1
abuses., 1
last., 1
Bear, 1
Mercy, 1
pardoning, 1
kill., 1
Gallop, 1
apace, 1
fiery-footed, 1
steeds, 1
Phoebus', 1
lodging!, 1
Phaeton, 1
West, 1
cloudy, 1
immediately., 1
Spread, 1
curtain, 1
love-performing, 1
runaway, 1
wink, 1
Leap, 1
arms, 1
untalk'd, 1
unseen., 1
Lovers, 1
rites, 1
beauties;, 1
agrees, 1
sober-suited, 1
matron, 1
lose, 1
winning, 1
Play'd, 1
stainless, 1
maidenhoods., 1
Hood, 1
unmann'd, 1
bating, 1
mantle, 1
acted, 1
Whiter, 1
snow, 1
raven's, 1
black-brow'd, 1
garish, 1
bought, 1
mansion, 1
enjoy'd., 1
impatient, 1
brings, 1
news;, 1
heavenly, 1
eloquence., 1
fetch?, 1
[Throws, 1
down.], 1
wring, 1
weraday!, 1
undone, 1
undone!, 1
envious?, 1
cannot., 1
torment, 1
thus?, 1
roar'd, 1
hell., 1
himself?, 1
'I,', 1
vowel, 1
'I', 1
death-darting, 1
cockatrice., 1
'I.', 1
'no.', 1
Brief, 1
sounds, 1
weal, 1
mark!), 1
manly, 1
breast., 1
Pale, 1
bedaub'd, 1
gore-blood., 1
swounded, 1
heart!, 1
bankrout, 1
once!, 1
prison, 1
liberty!, 1
Vile, 1
resign;, 1
bier!, 1
contrary?, 1
dead?, 1
dear-lov'd, 1
dearer, 1
dreadful, 1
trumpet, 1
doom!, 1
banished;, 1
God!, 1
alas, 1
serpent, 1
flow'ring, 1
face!, 1
dragon, 1
cave?, 1
Beautiful, 1
tyrant!, 1
angelical!, 1
Dove-feather'd, 1
raven!, 1
wolvish-ravening, 1
Despised, 1
divinest, 1
show!, 1
opposite, 1
justly, 1
seem'st-, 1
villain!, 1
bower, 1
flesh?, 1
containing, 1
bound?, 1
deceit, 1
gorgeous, 1
palace!, 1
honesty, 1
men;, 1
perjur'd, 1
dissemblers., 1
aqua, 1
vitae., 1
old., 1
Shame, 1
Blister'd, 1
wish!, 1
asham'd, 1
sit;, 1
crown'd, 1
Sole, 1
monarch, 1
universal, 1
husband?, 1
three-hours, 1
Back, 1
spring!, 1
tributary, 1
drops, 1
belong, 1
mistaking, 1
offer, 1
joy., 1
comfort;, 1
fain;, 1
memory, 1
deeds, 1
sinners', 1
minds!, 1
'Tybalt, 1
Romeo-, 1
banished.', 1
Tybalts., 1
there;, 1
fellowship, 1
needly, 1
rank'd, 1
followed, 1
'Tybalt's, 1
dead,', 1
modern, 1
lamentation, 1
mov'd?, 1
rearward, 1
following, 1
limit, 1
word's, 1
Weeping, 1
wailing, 1
corse., 1
them?, 1
Wash, 1
wounds, 1
theirs, 1
ropes, 1
exil'd., 1
highway, 1
maiden-widowed., 1
cords;, 1
maidenhead!, 1
wot, 1
knight, 1
[Laurence]., 1
Affliction, 1
enanmour'd, 1
wedded, 1
calamity., 1
acquaintance, 1
not?, 1
familiar, 1
doom., 1
doom?, 1
gentler, 1
vanish'd, 1
lips-, 1
Ha, 1
banishment?, 1
'death';, 1
Much, 1
'banishment.', 1
wide., 1
purgatory, 1
itself., 1
'banishment', 1
misterm'd., 1
Calling, 1
'banishment,', 1
cut'st, 1
axe, 1
smilest, 1
stroke, 1
unthankfulness!, 1
rush'd, 1
turn'd, 1
mercy., 1
lives;, 1
unworthy, 1
validity, 1
courtship, 1
seize, 1
blessing, 1
modesty, 1
Still, 1
thinking, 1
sin;, 1
not-, 1
fly;, 1
sayest, 1
Hadst, 1
mix'd, 1
sharp-ground, 1
'banished', 1
hell;, 1
Howling, 1
attends, 1
it!, 1
divine, 1
confessor, 1
sin-absolver, 1
profess'd, 1
mangle, 1
armour, 1
Adversity's, 1
milk, 1
philosophy!, 1
Displant, 1
reverse, 1
prince's, 1
prevails, 1
madmen, 1
eyes?, 1
dispute, 1
estate., 1
feel., 1
Wert, 1
murdered, 1
Doting, 1
unmade, 1
Knock, 1
[within]., 1
Arise;, 1
knocks., 1
thyself., 1
I;, 1
heartsick, 1
Mist-like, 1
infold, 1
search, 1
knock!, 1
arise;, 1
taken.-, 1
awhile!-, 1
up;, 1
Run, 1
study.-, 1
By-and-by!-, 1
simpleness, 1
this.-, 1
knocks, 1
hard?, 1
Whence, 1
errand., 1
drunk., 1
case!, 1
woeful, 1
sympathy!, 1
Piteous, 1
predicament!, 1
Blubb'ring, 1
blubbering., 1
rise, 1
stand!, 1
O?, 1
(rises), 1
Nurse-, 1
Spakest, 1
her?, 1
childhood, 1
remov'd, 1
own?, 1
she?, 1
she!, 1
conceal'd, 1
cancell'd, 1
weeps;, 1
calls;, 1
Shot, 1
level, 1
gun, 1
Murder'd, 1
anatomy, 1
lodge?, 1
sack, 1
mansion., 1
art;, 1
acts, 1
denote, 1
unreasonable, 1
beast., 1
Unseemly, 1
woman, 1
both!, 1
amaz'd, 1
temper'd., 1
doing, 1
railest, 1
once;, 1
lose., 1
fie, 1
usurer, 1
abound'st, 1
usest, 1
bedeck, 1
wax, 1
Digressing, 1
perjury, 1
Killing, 1
vow'd, 1
cherish;, 1
ornament, 1
skilless, 1
flask, 1
afire, 1
ignorance, 1
dismemb'red, 1
defence., 1
alive, 1
lately, 1
slewest, 1
becomes, 1
exile., 1
pack, 1
blessings, 1
back;, 1
Happiness, 1
courts, 1
array;, 1
misbhav'd, 1
pout'st, 1
miserable., 1
decreed, 1
Ascend, 1
blaze, 1
reconcile, 1
Beg, 1
went'st, 1
lamentation., 1
hasten, 1
unto., 1
learning, 1
chide., 1
grows, 1
this!, 1
hence;, 1
state:, 1
disguis'd, 1
Sojourn, 1
signify, 1
chances, 1
Farewell;, 1
fall'n, 1
unluckily, 1
she'll, 1
promise, 1
abed, 1
to-morrow;, 1
To-night, 1
mew'd, 1
heaviness., 1
child's, 1
respects, 1
Acquaint, 1
(mark, 1
me?), 1
next-, 1
Monday, 1
Monday!, 1
soon., 1
be-, 1
earl., 1
ready?, 1
haste?, 1
ado-, 1
two;, 1
hark, 1
carelessly, 1
revel, 1
dozen, 1
Thursday?, 1
Prepare, 1
lord.-, 1
Light, 1
Afore, 1
by-and-by., 1
aloft, 1
Window., 1
nightingale, 1
pierc'd, 1
ear., 1
pomegranate, 1
tree., 1
Believe, 1
herald, 1
morn;, 1
lace, 1
severing, 1
East., 1
Night's, 1
candles, 1
jocund, 1
Stands, 1
tiptoe, 1
misty, 1
mountain, 1
tops., 1
Yond, 1
daylight;, 1
meteor, 1
exhales, 1
torchbearer, 1
need'st, 1
content, 1
yon, 1
grey, 1
reflex, 1
Cynthia's, 1
notes, 1
vaulty, 1
welcome!, 1
wills, 1
soul?, 1
talk;, 1
Straining, 1
harsh, 1
unpleasing, 1
sharps., 1
division;, 1
divideth, 1
voices, 1
affray, 1
Hunting, 1
hunt's-up, 1
grows., 1
light-, 1
woes!, 1
Nurse?, 1
broke;, 1
wary, 1
about., 1
descend., 1
goeth, 1
friend?, 1
omit, 1
opportunity, 1
convey, 1
greetings, 1
think'st, 1
discourses, 1
ill-divining, 1
Methinks, 1
below, 1
fails, 1
pale., 1
drinks, 1
blood., 1
Adieu, 1
Fortune!, 1
fickle., 1
renown'd, 1
faith?, 1
Ho, 1
daughter!, 1
up?, 1
early?, 1
procures, 1
hither?, 1
wash, 1
feeling, 1
loss., 1
Feeling, 1
friend., 1
weep'st, 1
madam?, 1
miles, 1
asunder.-, 1
grieve, 1
traitor, 1
murderer, 1
reach, 1
venge, 1
runagate, 1
company;, 1
him-, 1
vex'd., 1
receipt, 1
thereof, 1
Soon, 1
quiet., 1
abhors, 1
nam'd, 1
wreak, 1
girl., 1
ladyship?, 1
careful, 1
heaviness, 1
sorted, 1
expects, 1
happily, 1
Rather, 1
indeed!, 1
sets, 1
drizzle, 1
sunset, 1
rains, 1
downright., 1
conduit, 1
show'ring?, 1
counterfeit'st, 1
wind:, 1
ebb, 1
flow, 1
tears;, 1
Sailing, 1
flood;, 1
raging, 1
overset, 1
tempest-tossed, 1
body., 1
wife?, 1
delivered, 1
decree?, 1
thanks., 1
grave!, 1
none?, 1
thanks?, 1
proud?, 1
Unworthy, 1
worthy, 1
bridegroom?, 1
Proud, 1
choplogic?, 1
'Proud'-, 1
you'-, 1
not'-, 1
'not, 1
proud'?, 1
Mistress, 1
minion, 1
Thank, 1
thankings, 1
prouds, 1
fettle, 1
'gainst, 1
drag, 1
hurdle, 1
green-sickness, 1
tallow-face!, 1
fie!, 1
patience, 1
wretch!, 1
what-, 1
reply, 1
itch., 1
scarce, 1
curse, 1
hilding!, 1
her!, 1
blame, 1
Wisdom?, 1
Prudence., 1
Smatter, 1
gossips, 1
treason., 1
God-i-god-en!, 1
speak?, 1
mumbling, 1
Utter, 1
gravity, 1
gossip's, 1
bowl, 1
bread, 1
Day, 1
abroad, 1
Waking, 1
match'd;, 1
provided, 1
princely, 1
parentage, 1
nobly, 1
train'd, 1
Stuff'd, 1
Proportion'd, 1
one's, 1
man-, 1
puling, 1
whining, 1
mammet, 1
'I'll, 1
me'!, 1
Graze, 1
on't;, 1
near;, 1
advise:, 1
starve, 1
acknowledge, 1
good., 1
Trust, 1
to't., 1
Bethink, 1
forsworn., 1
sitting, 1
sees, 1
grief?, 1
cast, 1
Delay, 1
month, 1
God!-, 1
prevented?, 1
heaven., 1
leaving, 1
Comfort, 1
practise, 1
stratagems, 1
soft, 1
subject, 1
myself!, 1
thou?, 1
joy?, 1
banish'd;, 1
stealth., 1
gentleman!, 1
dishclout, 1
eagle, 1
quick, 1
hath., 1
first;, 1
'twere, 1
Speak'st, 1
heart?, 1
too;, 1
Amen!, 1
What?, 1
comforted, 1
marvellous, 1
displeas'd, 1
absolv'd., 1
Ancient, 1
damnation!, 1
wicked, 1
fiend!, 1
dispraise, 1
prais'd, 1
compare, 1
times?, 1
counsellor!, 1
henceforth, 1
twain., 1
fail, 1
slack, 1
mind., 1
Uneven, 1
course;, 1
Immoderately, 1
counts, 1
dangerous, 1
sway, 1
hastes, 1
inundation, 1
minded, 1
society., 1
slow'd.-, 1
Happily, 1
next., 1
certain, 1
text., 1
abus'd, 1
victory, 1
spite., 1
wrong'st, 1
report., 1
slander, 1
truth;, 1
sland'red, 1
evening, 1
mass, 1
serves, 1
pensive, 1
shield, 1
devotion!, 1
ye., 1
adieu, 1
door!, 1
grief;, 1
strains, 1
compass, 1
prorogue, 1
prevent, 1
resolution, 1
presently., 1
join'd, 1
hands;, 1
seal'd, 1
label, 1
deed, 1
treacherous, 1
revolt, 1
long-experienc'd, 1
counsel;, 1
'Twixt, 1
extremes, 1
empire, 1
arbitrating, 1
commission, 1
issue, 1
bring., 1
speak'st, 1
execution, 1
prevent., 1
likely, 1
undertake, 1
cop'st, 1
dar'st, 1
leap, 1
battlements, 1
tower, 1
thievish, 1
lurk, 1
serpents, 1
are;, 1
chain, 1
charnel, 1
O'ercover'd, 1
rattling, 1
reeky, 1
shanks, 1
yellow, 1
chapless, 1
skulls;, 1
shroud-, 1
tremble-, 1
unstain'd, 1
alone;, 1
vial, 1
distilled, 1
liquor, 1
off;, 1
drowsy, 1
humour;, 1
pulse, 1
progress, 1
surcease;, 1
warmth, 1
testify, 1
livest;, 1
fade, 1
paly, 1
eyes', 1
shuts, 1
Each, 1
depriv'd, 1
supple, 1
government, 1
stiff, 1
stark, 1
shrunk, 1
continue, 1
two-and-forty, 1
pleasant, 1
manner, 1
country, 1
uncovered, 1
bier, 1
borne, 1
kindred, 1
drift;, 1
come;, 1
toy, 1
Abate, 1
acting, 1
fear!, 1
Hold!, 1
prosperous, 1
resolve., 1
strength!, 1
afford., 1
Mother, 1
three., 1
invite, 1
Servingman.], 1
cooks., 1
begone., 1
unfurnish'd, 1
Laurence?, 1
forsooth., 1
peevish, 1
self-will'd, 1
harlotry, 1
look., 1
headstrong?, 1
gadding?, 1
opposition, 1
behests, 1
enjoin'd, 1
prostrate, 1
pardon., 1
knot, 1
knit, 1
becomed, 1
stepping, 1
bounds, 1
on't., 1
as't, 1
reverend, 1
closet, 1
sort, 1
needful, 1
furnish, 1
to-morrow?, 1
Thursday., 1
provision., 1
deck, 1
housewife, 1
once., 1
Against, 1
wondrous, 1
wayward, 1
reclaim'd., 1
attires, 1
best;, 1
orisons, 1
busy, 1
ho?, 1
help?, 1
madam;, 1
cull'd, 1
necessaries, 1
behooffull, 1
business., 1
rest;, 1
[Mother, 1
faint, 1
thrills, 1
freezes, 1
heat, 1
Nurse!-, 1
vial., 1
mixture, 1
all?, 1
morning?, 1
No!, 1
forbid, 1
Lie, 1
Lays, 1
Subtilly, 1
minist'red, 1
dishonour'd, 1
tried, 1
entertain, 1
thought., 1
redeem, 1
point!, 1
stifled, 1
healthsome, 1
breathes, 1
strangled, 1
comes?, 1
horrible, 1
conceit, 1
Together, 1
place-, 1
receptacle, 1
ancestors, 1
pack'd;, 1
fest'ring, 1
shroud;, 1
spirits, 1
resort-, 1
waking-, 1
smells, 1
shrieks, 1
mandrakes, 1
torn, 1
mad-, 1
distraught, 1
Environed, 1
hideous, 1
fears, 1
madly, 1
forefathers', 1
shroud., 1
kinsman's, 1
bone, 1
club, 1
dash, 1
brains?, 1
ghost, 1
Seeking, 1
spit, 1
rapier's, 1
point., 1
stay!, 1
[drinks, 1
and], 1
curtains., 1
House, 1
keys, 1
spices, 1
dates, 1
quinces, 1
pastry., 1
stir!, 1
cock, 1
crow'd, 1
curfew, 1
rung, 1
o'clock., 1
bak'd, 1
meats, 1
Angelica;, 1
Spare, 1
cost., 1
cot-quean, 1
watching., 1
whit., 1
watch'd, 1
lesser, 1
sick., 1
mouse-hunt, 1
time;, 1
watching, 1
hood, 1
hood!, 1
[Fellows, 1
spits, 1
baskets., 1
fellow, 1
drier, 1
logs., 1
Peter;, 1
Mass, 1
said;, 1
whoreson, 1
loggerhead., 1
would., 1
Play, 1
music., 1
near., 1
Nurse!, 1
Wife!, 1
waken, 1
chat, 1
already:, 1
[Enter, 1
Mistress!, 1
mistress!, 1
Fast, 1
slug-abed!, 1
sweetheart!, 1
word?, 1
pennyworths, 1
little., 1
forgive, 1
amen., 1
asleep!, 1
He'll, 1
fright, 1
faith., 1
curtains.], 1
dress'd, 1
clothes, 1
Lady!, 1
weraday, 1
born!, 1
aqua-vitae, 1
lord!, 1
matter?, 1
Revive, 1
help., 1
deceas'd;, 1
Ha!, 1
settled, 1
stiff;, 1
separated., 1
frost, 1
field., 1
wail, 1
Ties, 1
[Paris], 1
bride, 1
church?, 1
Ready, 1
Flower, 1
deflowered, 1
son-in-law, 1
wedded., 1
Death's., 1
Accurs'd, 1
unhappy, 1
miserable, 1
lasting, 1
labour, 1
pilgrimage!, 1
solace, 1
catch'd, 1
woe?, 1
behold!, 1
Never, 1
Beguil'd, 1
divorced, 1
wronged, 1
spited, 1
overthrown!, 1
Despis'd, 1
distressed, 1
hated, 1
martyr'd, 1
kill'd!, 1
Uncomfortable, 1
Dead, 1
buried!, 1
ho, 1
Confusion's, 1
confusions., 1
eternal, 1
promotion, 1
advanc'd;, 1
advanc'd, 1
Above, 1
itself?, 1
young., 1
stick, 1
custom, 1
array, 1
bids, 1
lament, 1
reason's, 1
merriment., 1
ordained, 1
funeral-, 1
melancholy, 1
bells, 1
burial, 1
feast;, 1
solemn, 1
hymns, 1
dirges, 1
change;, 1
contrary., 1
low'r, 1
ill;, 1
Move, 1
crossing, 1
Manent, 1
pipes, 1
pitiful, 1
case., 1
amended., 1
ease,', 1
ease'!, 1
ease.', 1
ease'', 1
'My, 1
woe.', 1
we!, 1
soundly., 1
money, 1
gleek., 1
minstrel., 1
serving-creature., 1
serving-creature's, 1
pate., 1
crotchets., 1
wit!, 1
'When, 1
griping, 1
doleful, 1
dumps, 1
oppress, 1
sound'-, 1
Simon, 1
Catling?, 1
Pretty!, 1
Hugh, 1
Rebeck?, 1
silver., 1
Pretty, 1
too!, 1
James, 1
Soundpost?, 1
mercy!, 1
singer., 1
sounding., 1
'Then, 1
speedy, 1
lend, 1
redress.', 1
pestilent, 1
same?, 1
Jack!, 1
tarry, 1
mourners, 1
dinner., 1
flattering, 1
presage, 1
bosom's, 1
lightly, 1
Lifts, 1
cheerful, 1
thoughts., 1
(Strange, 1
think!), 1
emperor., 1
joy!, 1
booted., 1
News, 1
Verona!, 1
Balthasar?, 1
lady?, 1
fares, 1
ill., 1
Capel's, 1
angels, 1
low, 1
bringing, 1
stars!, 1
lodging., 1
ink, 1
paper, 1
posthorses., 1
import, 1
misadventure., 1
deceiv'd., 1
Leave, 1
horses., 1
means., 1
mischief, 1
enter, 1
men!, 1
apothecary, 1
hereabouts, 1
dwells, 1
noted, 1
tatt'red, 1
overwhelming, 1
Culling, 1
simples., 1
Meagre, 1
Sharp, 1
misery, 1
bones;, 1
tortoise, 1
hung, 1
alligator, 1
stuff'd, 1
skins, 1
ill-shaped, 1
fishes;, 1
shelves, 1
beggarly, 1
account, 1
boxes, 1
Green, 1
earthen, 1
pots, 1
bladders, 1
musty, 1
seeds, 1
Remnants, 1
packthread, 1
cakes, 1
thinly, 1
scattered, 1
show., 1
Noting, 1
penury, 1
'An, 1
sale, 1
caitiff, 1
him.', 1
forerun, 1
holiday, 1
beggar's, 1
shut., 1
loud?, 1
poor., 1
forty, 1
ducats., 1
soon-speeding, 1
gear, 1
disperse, 1
life-weary, 1
taker, 1
mall, 1
trunk, 1
discharg'd, 1
violently, 1
hasty, 1
fir'd, 1
hurry, 1
cannon's, 1
womb., 1
have;, 1
Mantua's, 1
utters, 1
wretchedness, 1
fearest, 1
die?, 1
Famine, 1
starveth, 1
Contempt, 1
beggary, 1
back:, 1
law;, 1
affords, 1
rich;, 1
consents., 1
liquid, 1
dispatch, 1
gold-, 1
souls, 1
Doing, 1
compounds, 1
sell., 1
poison;, 1
Buy, 1
cordial, 1
Franciscan, 1
Going, 1
barefoot, 1
associate, 1
visiting, 1
finding, 1
searchers, 1
Suspecting, 1
infectious, 1
pestilence, 1
reign, 1
Seal'd, 1
stay'd., 1
it-, 1
again-, 1
infection., 1
Unhappy, 1
brotherhood, 1
import;, 1
neglecting, 1
danger., 1
Brother, 1
wake., 1
notice, 1
accidents;, 1
come-, 1
tomb!, 1
Page, 1
[a, 1
torch]., 1
aloof., 1
seen., 1
Holding, 1
ground., 1
tread, 1
(Being, 1
loose, 1
unfirm, 1
digging, 1
graves), 1
signal, 1
afraid, 1
adventure., 1
(O, 1
woe!, 1
canopy, 1
dust, 1
stones), 1
dew;, 1
distill'd, 1
moans., 1
warning, 1
wanders, 1
rite?, 1
torch?, 1
Muffle, 1
wrenching, 1
Early, 1
deliver, 1
Whate'er, 1
hearest, 1
interrupt, 1
course., 1
descend, 1
partly, 1
chiefly, 1
ring-, 1
employment., 1
pry, 1
intend, 1
hungry, 1
limbs., 1
savage-wild, 1
fierce, 1
inexorable, 1
tigers, 1
sea., 1
friendship., 1
prosperous;, 1
hereabout., 1
doubt., 1
maw, 1
Gorg'd, 1
dearest, 1
morsel, 1
enforce, 1
rotten, 1
jaws, 1
despite, 1
cram, 1
food., 1
opens, 1
haughty, 1
cousin-, 1
supposed, 1
creature, 1
died-, 1
villanous, 1
bodies., 1
unhallowed, 1
Montague!, 1
pursu'd, 1
Condemned, 1
Obey, 1
indeed;, 1
tempt, 1
Fly, 1
affright, 1
urging, 1
fury., 1
madman's, 1
conjuration, 1
felon, 1
provoke, 1
boy!, 1
fight!, 1
falls.], 1
Open, 1
[Dies.], 1
peruse, 1
Paris!, 1
betossed, 1
rode?, 1
Said, 1
misfortune's, 1
book!, 1
triumphant, 1
interr'd., 1
[Lays, 1
keepers, 1
lightning?, 1
beauty., 1
conquer'd., 1
Beauty's, 1
ensign, 1
crimson, 1
flag, 1
advanced, 1
liest, 1
sheet?, 1
twain, 1
sunder, 1
enemy?, 1
Forgive, 1
cousin.', 1
unsubstantial, 1
lean, 1
abhorred, 1
monster, 1
Thee, 1
paramour?, 1
palace, 1
Depart, 1
worms, 1
chambermaids., 1
shake, 1
yoke, 1
inauspicious, 1
world-wearied, 1
Eyes, 1
last!, 1
Arms, 1
embrace!, 1
seal, 1
righteous, 1
dateless, 1
bargain, 1
engrossing, 1
conduct;, 1
unsavoury, 1
guide!, 1
pilot, 1
dashing, 1
rocks, 1
seasick, 1
bark!, 1
[Drinks.], 1
quick., 1
Falls., 1
spade., 1
Francis, 1
speed!, 1
feet, 1
stumbled, 1
graves!, 1
Bliss, 1
vainly, 1
grubs, 1
eyeless, 1
skulls?, 1
discern, 1
burneth, 1
Capels', 1
vault., 1
fearfully, 1
menace, 1
then;, 1
unthrifty, 1
stains, 1
entrance, 1
sepulchre?, 1
masterless, 1
gory, 1
discolour'd, 1
[Enters, 1
pale!, 1
steep'd, 1
unkind, 1
chance!, 1
stirs., 1
rises., 1
comfortable, 1
friar!, 1
noise., 1
contagion, 1
unnatural, 1
greater, 1
contradict, 1
thwarted, 1
dispose, 1
sisterhood, 1
nuns., 1
[Friar]., 1
hand?, 1
timeless, 1
churl!, 1
friendly, 1
drop, 1
after?, 1
lips., 1
Haply, 1
restorative., 1
him.], 1
warm!, 1
Lead, 1
way?, 1
noise?, 1
brief., 1
dagger!, 1
[Snatches, 1
sheath;, 1
stabs, 1
[on, 1
body]., 1
[Paris's], 1
burn., 1
'the, 1
bloody., 1
whoe'er, 1
attach., 1
Pitiful, 1
bleeding, 1
buried., 1
Capulets;, 1
Raise, 1
Montagues;, 1
search., 1
whereon, 1
circumstance, 1
descry., 1
[some, 1
Watch,], 1
safety, 1
Watchman., 1
trembles, 1
weeps., 1
spade, 1
suspicion!, 1
Attendants]., 1
misadventure, 1
rest?, 1
shriek, 1
abroad?, 1
people, 1
'Romeo,', 1
'Juliet,', 1
'Paris';, 1
outcry, 1
startles, 1
Sovereign, 1
Warm, 1
kill'd., 1
murder, 1
tombs., 1
heavens!, 1
bleeds!, 1
mista'en, 1
missheathed, 1
warns, 1
sepulchre., 1
liege, 1
to-night!, 1
Grief, 1
son's, 1
stopp'd, 1
breath., 1
conspires, 1
age?, 1
see., 1
untaught!, 1
Seal, 1
outrage, 1
clear, 1
ambiguities, 1
spring, 1
descent;, 1
mischance, 1
Bring, 1
parties, 1
suspicion., 1
greatest, 1
least, 1
suspected, 1
direful, 1
murther;, 1
impeach, 1
purge, 1
Myself, 1
condemned, 1
excus'd., 1
tale., 1
Banish'd, 1
city;, 1
pin'd., 1
Betroth'd, 1
rid, 1
(so, 1
tutored, 1
art), 1
potion;, 1
intended, 1
dire, 1
potion's, 1
force, 1
cease., 1
accident, 1
yesternight, 1
Return'd, 1
prefixed, 1
vault;, 1
closely, 1
conveniently, 1
awaking, 1
wakes;, 1
entreated, 1
patience;, 1
scare, 1
violence, 1
privy;, 1
Miscarried, 1
sacrific'd, 1
rigour, 1
severest, 1
law., 1
brought, 1
departed, 1
County's, 1
page, 1
watch?, 1
did., 1
tomb;, 1
friar's, 1
Their, 1
writes, 1
pothecary, 1
therewithal, 1
enemies?, 1
scourge, 1
winking, 1
brace, 1
punish'd., 1
jointure, 1
demand., 1
more;, 1
Statue, 1
whiles, 1
figure, 1
lie-, 1
sacrifices, 1
enmity!, 1
glooming, 1
brings., 1
head., 1
things;, 1
pardon'd, 1
punished;, 1
story, 1
omnes., 1
THE, 2
Escalus, 2
houses, 2
variance, 2
Laurence, 2
Franciscan., 2
Sampson, 2
Apothecary., 2
Musicians., 2
Officer., 2
Citizens, 2
Verona;, 2
Gentlewomen, 2
Maskers, 2
PROLOGUE, 2
Chor., 2
scene, 2
mutiny, 2
pair, 2
lovers, 2
life;, 2
parents', 2
swords, 2
carry, 2
choler, 2
draw., 2
neck, 2
strike, 2
moved., 2
valiant, 2
stand., 2
women, 2
one., 2
heads., 2
able, 2
piece, 2
weapon, 2
How?, 2
Fear, 2
frown, 2
pass, 2
them;, 2
side, 2
Sampson], 2
kinsmen., 2
Yes, 2
blow., 2
do., 2
drawn, 2
Benvolio!, 2
manage, 2
peace?, 2
Montagues, 2
four, 2
down!, 2
Citizens., 2
Down, 2
spite, 2
M., 2
foe., 2
quench, 2
sentence, 2
brawls, 2
quiet, 2
Verona's, 2
citizens, 2
Cast, 2
ornaments, 2
disturb, 2
forfeit, 2
afternoon, 2
common, 2
depart., 2
[all, 2
Benvolio]., 2
yours, 2
drew, 2
fiery, 2
breath'd, 2
winds, 2
thrusts, 2
part., 2
to-day?, 2
glad, 2
underneath, 2
Towards, 2
ware, 2
affections, 2
weary, 2
humour, 2
gladly, 2
Many, 2
fresh, 2
sighs;, 2
private, 2
windows, 2
locks, 2
secret, 2
bud, 2
worm, 2
leaves, 2
sorrows, 2
grow, 2
comes., 2
please, 2
wert, 2
shrift., 2
struck, 2
nine., 2
long., 2
short., 2
favour, 2
heard, 2
hate!, 2
Misshapen, 2
smoke, 2
weep., 2
what?, 2
breast, 2
shown, 2
rais'd, 2
else?, 2
Soft!, 2
lost, 2
myself;, 2
Bid, 2
urg'd, 2
woman., 2
suppos'd, 2
right, 2
Cupid's, 2
proof, 2
arm'd, 2
Love's, 2
siege, 2
encounter, 2
ope, 2
merit, 2
making, 2
despair., 2
Examine, 2
question, 2
ladies', 2
fair., 2
eyesight, 2
Show, 2
passing, 2
fair?, 2
debt., 2
hard, 2
pity, 2
fourteen, 2
years;, 2
pride, 2
bride., 2
Younger, 2
made., 2
heart;, 2
Lies, 2
number, 2
lusty, 2
heel, 2
delight, 2
Among, 2
Hear, 2
be;, 2
Through, 2
persons, 2
tailor, 2
sent, 2
person, 2
writ., 2
excellent, 2
mad?, 2
is;, 2
food, 2
fellow., 2
fortune, 2
book., 2
Rest, 2
daughters;, 2
beauteous, 2
lovely, 2
Mine, 2
Tybalt;, 2
supper, 2
Indeed, 2
before., 2
Capulet;, 2
often, 2
burnt, 2
fairer, 2
eye;, 2
rejoice, 2
twelve, 2
girl?, 2
Juliet!, 2
calls?, 2
mother., 2
awhile, 2
counsel., 2
age., 2
age, 2
hour., 2
odd, 2
Lammas, 2
Eve, 2
eleven, 2
wormwood, 2
dug, 2
taste, 2
felt, 2
brow;, 2
'A, 2
'Yea,', 2
face?, 2
wretch, 2
crying, 2
stinted, 2
laugh, 2
brow, 2
big, 2
prettiest, 2
of., 2
disposition, 2
suck'd, 2
ladies, 2
maid., 2
summer, 2
gentleman?, 2
feast., 2
volume, 2
lover, 2
share, 2
Women, 2
fly., 2
Servingman., 2
guests, 2
serv'd, 2
dancing, 2
shoes, 2
soar, 2
dull, 2
Under, 2
love-, 2
oppression, 2
in., 2
visor, 2
Up, 2
burn, 2
delay, 2
waste, 2
sits, 2
wits., 2
fairies', 2
whip, 2
wagoner, 2
finger, 2
are., 2
nose, 2
soldier's, 2
deep;, 2
starts, 2
sleeps, 2
presses, 2
nothing., 2
children, 2
brain, 2
wind, 2
thence, 2
begin, 2
term, 2
course, 2
sail!, 2
helps, 2
away?, 2
trencher!, 2
manners, 2
look'd, 2
Cheerly, 2
ha, 2
dance?, 2
plays, 2
hot., 2
sport, 2
ago., 2
torches, 2
hangs, 2
dear!, 2
rapier, 2
slave, 2
antic, 2
solemnity?, 2
sin., 2
storm, 2
bears, 2
respect, 2
presence, 2
ill-beseeming, 2
endure, 2
You'll, 2
him?, 2
you'll, 2
shame., 2
saucy, 2
chance, 2
what., 2
go!, 2
perforce, 2
greeting., 2
this:, 2
ready, 2
smooth, 2
pilgrim, 2
saints, 2
palm, 2
too?, 2
grant, 2
lest, 2
effect, 2
her.], 2
withal., 2
foolish, 2
e'en, 2
gentlemen., 2
here!, 2
late;, 2
Nurse]., 2
loathed, 2
rhyme, 2
learnt, 2
desire, 2
heir;, 2
foe, 2
steal, 2
held, 2
stol'n, 2
orchard, 2
pronounce, 2
Venus, 2
shot, 2
trim, 2
King, 2
lov'd, 2
maid!, 2
not;, 2
scarlet, 2
leg, 2
demesnes, 2
appear, 2
dark., 2
soft!, 2
she., 2
vestal, 2
speaks., 2
Having, 2
business, 2
entreat, 2
sing, 2
messenger, 2
mortals, 2
gaze, 2
name!, 2
Montague?, 2
myself., 2
am., 2
enemy, 2
drunk, 2
cam'st, 2
walls, 2
climb, 2
kinsmen, 2
stony, 2
ended, 2
wanting, 2
place?, 2
face;, 2
farewell, 2
light;, 2
cunning, 2
Lest, 2
likewise, 2
lightning, 2
cease, 2
breast!, 2
to-night?, 2
withdraw, 2
purpose, 2
adieu!, 2
(within), 2
thee-, 2
To-morrow, 2
worse, 2
want, 2
hoarse, 2
forgot, 2
morning., 2
silk, 2
Sleep, 2
father's, 2
hap, 2
morn, 2
smiles, 2
streaks, 2
cheer, 2
dry, 2
ours, 2
weeds, 2
flowers., 2
nature's, 2
womb, 2
natural, 2
aught, 2
vice, 2
Poison, 2
heart., 2
worser, 2
Full, 2
sin!, 2
father?, 2
name's, 2
feasting, 2
lies., 2
lo, 2
finds, 2
deal, 2
salt, 2
water, 2
groans, 2
Rosaline., 2
there's, 2
slow., 2
mad., 2
challenge, 2
write, 2
white, 2
Cats, 2
fights, 2
bosom!, 2
passado!, 2
French, 2
counterfeit, 2
fairly, 2
Pardon, 2
courtesy., 2
Meaning, 2
pump, 2
Follow, 2
remain, 2
after, 2
wearing, 2
solely, 2
faint., 2
goose?, 2
goose., 2
jest., 2
not!, 2
here's, 2
wide, 2
broad, 2
Stop, 2
meant, 2
Peter!, 2
Anon., 2
fan, 2
troth, 2
Yea, 2
well?, 2
i', 2
bawd, 2
unless, 2
spent, 2
meat, 2
farewell!, 2
Scurvy, 2
knave!, 2
knave, 2
occasion, 2
side., 2
afore, 2
word;, 2
paradise, 2
mistress., 2
Lord!, 2
pains., 2
behind, 2
cords, 2
Must, 2
bless, 2
say'st, 2
'twas, 2
man;, 2
nurse;, 2
begins, 2
thoughts, 2
ten, 2
shadows, 2
over, 2
warm, 2
motion, 2
slow, 2
Send, 2
look'st, 2
shamest, 2
awhile., 2
had!, 2
news., 2
haste!, 2
breath?, 2
bad?, 2
Answer, 2
satisfied, 2
excels, 2
ways, 2
Beshrew, 2
Henceforward, 2
hie, 2
wanton, 2
church;, 2
nest, 2
fortune!, 2
Honest, 2
smile, 2
act, 2
sight., 2
violent, 2
delights, 2
triumph, 2
everlasting, 2
matter, 2
sum, 2
Capulets, 2
scape, 2
need., 2
moody, 2
spy, 2
egg, 2
street, 2
buy, 2
fee, 2
Capulets., 2
Zounds, 2
worship, 2
afford, 2
Villain, 2
Boy, 2
dearly, 2
satisfied., 2
[Draws.], 2
hereafter, 2
dry-beat, 2
pluck, 2
ears?, 2
forbear, 2
Tybalt!, 2
ay, 2
scratch, 2
enough., 2
cat, 2
stain'd, 2
kinsman., 2
temper, 2
steel, 2
brave, 2
gallant, 2
fury, 2
conduct, 2
now!, 2
determine, 2
fortune's, 2
fool!, 2
Citizen., 2
murtherer, 2
fray?, 2
cousin!, 2
brother's, 2
shed, 2
stay., 2
nice, 2
deaf, 2
stout, 2
by-and-by, 2
newly, 2
to't, 2
Montague;, 2
live., 2
price, 2
Prince;, 2
repent, 2
murders, 2
amorous, 2
Think, 2
modesty., 2
possess'd, 2
sold, 2
tedious, 2
festival, 2
robes, 2
dismal, 2
'I';, 2
wound, 2
corse;, 2
ashes, 2
press, 2
slaught'red, 2
lord?, 2
general, 2
gone?, 2
blood?, 2
did!, 2
fiend, 2
Just, 2
griefs, 2
born, 2
throne, 2
beast, 2
cousin?, 2
mangled, 2
husband., 2
native, 2
murd'red, 2
guilty, 2
'banished,', 2
'Romeo, 2
banished'-, 2
beguil'd, 2
parts, 2
Father, 2
doomsday, 2
body's, 2
merciful, 2
terror, 2
banished, 2
world's, 2
Taking, 2
mercy, 2
seest, 2
Heaven, 2
her;, 2
carrion, 2
wonder, 2
free, 2
me-, 2
philosophy, 2
Talk, 2
mightst, 2
Who's, 2
come!, 2
up!, 2
sir!, 2
death's, 2
weeps, 2
cursed, 2
[Draws, 2
dagger.], 2
womanish, 2
order, 2
thyself?, 2
earth?, 2
valour, 2
happy., 2
threat'ned, 2
sullen, 2
heed, 2
coming., 2
stay'd, 2
is!, 2
reviv'd, 2
Every, 2
brief, 2
company, 2
tune, 2
woo., 2
ha!, 2
Nightly, 2
sings, 2
nightingale., 2
yet;, 2
ta'en, 2
Let's, 2
discords, 2
chang'd, 2
coming, 2
Farewell!, 2
again?, 2
bottom, 2
Dry, 2
Fortune, 2
fickle, 2
Evermore, 2
couldst, 2
for., 2
hands., 2
vengeance, 2
dram, 2
bore, 2
time., 2
child;, 2
bride!, 2
bark, 2
blest, 2
wrought, 2
proud, 2
thankful, 2
'I, 2
baggage!, 2
disobedient, 2
rate, 2
sleeping, 2
hang, 2
week;, 2
dim, 2
return, 2
beshrew, 2
in;, 2
wife!, 2
be., 2
spake, 2
leisure, 2
hear'st, 2
roaring, 2
nightly, 2
quite, 2
new-made, 2
presently, 2
roses, 2
borrowed, 2
awake, 2
waking, 2
speed, 2
try, 2
fingers., 2
cook, 2
city, 2
fit, 2
Tush, 2
to-night;, 2
cross, 2
Need, 2
Nurse.], 2
work, 2
dagger., 2
methinks, 2
mouth, 2
buried, 2
hearing, 2
desp'rate, 2
look!, 2
bell, 2
bed!, 2
logs, 2
Fellow., 2
Fellow.], 2
trouble, 2
matter., 2
Juliet;, 2
say., 2
madam!, 2
alas!, 2
life!, 2
Father., 2
Life, 2
slain!, 2
detestable, 2
joys, 2
seeing, 2
office, 2
instruments, 2
Musicians, 2
dump, 2
re, 2
fa, 2
'silver, 2
sound'?, 2
'music, 2
sound', 2
friar?, 2
kindred's, 2
post, 2
defy, 2
patience., 2
[Balthasar]., 2
shop, 2
apothecary!, 2
drugs, 2
poverty, 2
grave;, 2
Laurence., 2
doors, 2
churchyard;, 2
yew, 2
Whistle, 2
Page., 2
obsequies, 2
to-night, 2
iron., 2
aloof, 2
joint, 2
intents, 2
further, 2
watch., 2
grave?, 2
lanthorn, 2
tomb.], 2
intents., 2
dead;, 2
Search, 2
churchyard., 2
Watch.], 2
others]., 2
Meantime, 2
herself., 2
Chorus., 3
each, 3
other., 3
Balthasar, 3
Three, 3
bury, 3
naught, 3
remove, 3
patient, 3
attend, 3
toil, 3
public, 3
weak, 3
goes, 3
thrust, 3
between, 3
sense, 3
flesh., 3
Draw, 3
Servingmen, 3
thee!, 3
[aside, 3
No., 3
Benvolio., 3
Say, 3
lie., 3
Put, 3
hell, 3
say!, 3
pain, 3
airy, 3
streets, 3
along, 3
farther, 3
pleasure, 3
judgment, 3
approach., 3
withal, 3
blows, 3
window, 3
East, 3
walk, 3
morning's, 3
dew, 3
Should, 3
chamber, 3
daylight, 3
cause, 3
uncle, 3
learn, 3
friend;, 3
sun., 3
cure, 3
view, 3
Dost, 3
coz, 3
rather, 3
heart's, 3
own., 3
eyes;, 3
tears., 3
sweet., 3
Tut!, 3
thee?, 3
mark, 3
strong, 3
bow, 3
dies, 3
sworn, 3
wisely, 3
forsworn, 3
vow, 3
rul'd, 3
teach, 3
giving, 3
brows, 3
precious, 3
mistress, 3
read, 3
change, 3
earth., 3
feast, 3
welcome, 3
sirrah, 3
Find, 3
time!, 3
another's, 3
backward, 3
merry!, 3
Signior, 3
ask'd, 3
cup, 3
match, 3
herself, 3
seems, 3
best., 3
sight, 3
where's, 3
year, 3
lamb!, 3
Where's, 3
daughter's, 3
She's, 3
fourteen., 3
Even, 3
Susan, 3
(God, 3
bitter, 3
soul!, 3
Jule?', 3
choose, 3
bad, 3
e'er, 3
stands, 3
wisdom, 3
Are, 3
flower., 3
Paris', 3
lends, 3
gold, 3
call'd, 3
straight., 3
girl, 3
street., 3
five, 3
date, 3
Cupid, 3
dance., 3
believe, 3
woe., 3
burthen, 3
thing., 3
blush, 3
mouse, 3
ears., 3
that's, 3
vain, 3
going, 3
dreamt, 3
asleep, 3
true., 3
Mab, 3
small, 3
O'er, 3
knees, 3
fingers, 3
kisses, 3
Because, 3
'a, 3
substance, 3
inconstant, 3
late., 3
clos'd, 3
save, 3
loves, 3
boy, 3
3., 3
[with, 3
deny, 3
Am, 3
grown, 3
fellows, 3
sight!, 3
will;, 3
shall., 3
shame!, 3
flesh, 3
seeming, 3
touch, 3
kiss., 3
[Kisses, 3
craves, 3
mother?, 3
talk'd, 3
gone;, 3
[Exeunt, 3
heir, 3
ask, 3
enemy., 3
Anon, 3
likeness, 3
raise, 3
mistress', 3
nature, 3
hid, 3
tree, 3
sleep., 3
green, 3
knew, 3
return., 3
Would, 3
Unto, 3
wherefore, 3
Without, 3
Had, 3
hundred, 3
sound., 3
lent, 3
wash'd, 3
Else, 3
dwell, 3
fain, 3
mayst, 3
fond, 3
confess, 3
exchange, 3
faithful, 3
within., 3
Madam!, 3
toward, 3
name., 3
company., 3
almost, 3
day's, 3
tomb., 3
turns, 3
keeps, 3
then?, 3
confession, 3
Holy, 3
truly, 3
Jesu, 3
sighs, 3
pure, 3
devil, 3
be?, 3
wench, 3
Tybalt?, 3
immortal, 3
There's, 3
courteous, 3
wits, 3
cry, 3
goose, 3
whole, 3
Romeo;, 3
stop, 3
wouldst, 3
indeed, 3
gentlewoman, 3
something, 3
thither., 3
Pray, 3
dare, 3
told, 3
protest, 3
nurse?, 3
devise, 3
shrift, 3
Hark, 3
sweetest, 3
toad, 3
rosemary, 3
nine, 3
youthful, 3
swift, 3
dead-, 3
honey, 3
Though, 3
excuse, 3
simple, 3
beats, 3
ah, 3
God's, 3
got, 3
farewell., 3
heavens, 3
powder, 3
loathsome, 3
hair, 3
lain, 3
apt, 3
us?, 3
us., 3
calm, 3
lives., 3
bold, 3
up., 3
plague, 3
church, 3
death!, 3
Help, 3
[Exit., 3
mortal, 3
others, 3
end., 3
wretched, 3
hence., 3
doom, 3
away!, 3
charge, 3
deadly, 3
point, 3
cries, 3
friends, 3
beg, 3
loss, 3
cords., 3
bare, 3
shut, 3
tears?, 3
is., 3
forth;, 3
tidings, 3
banish'd, 3
Live, 3
death?, 3
'banished'?, 3
Hang, 3
grave., 3
Knock., 3
[within], 3
weeping, 3
sake, 3
Juliet?, 3
wit., 3
hollow, 3
rouse, 3
Things, 3
daughter., 3
doubt, 3
Wednesday, 3
lord., 3
unaccustom'd, 3
cousin's, 3
slaughter'd, 3
needy, 3
Peter's, 3
wed, 3
joints, 3
bridal, 3
remedy., 3
help!, 3
present, 3
drink, 3
veins, 3
bridegroom, 3
Sirrah, 3
hire, 3
lick, 3
hither., 3
knows, 3
tomb, 3
jealous, 3
Most, 3
dagger, 3
iron, 3
Man., 3
sell, 3
crow, 3
churchyard, 3
[Retires.], 3
Boy., 3
mattock, 3
apprehend, 3
monument., 3
Man, 4
nephew, 4
John, 4
Gregory, 4
Gentlemen, 4
civil, 4
fatal, 4
Whose, 4
piteous, 4
rage, 4
ears, 4
place., 4
moved, 4
wall, 4
maids, 4
fought, 4
cruel, 4
cut, 4
known, 4
fight., 4
among, 4
peace., 4
beat, 4
noise, 4
go., 4
seek, 4
torture, 4
pay, 4
them., 4
hurt, 4
Came, 4
golden, 4
sought, 4
deep, 4
Away, 4
Unless, 4
counsel, 4
Both, 4
envious, 4
aside, 4
let's, 4
sad, 4
hours, 4
sadness, 4
anything, 4
lead, 4
bright, 4
Love, 4
th', 4
hers, 4
more., 4
blind, 4
note, 4
light., 4
none., 4
names, 4
that., 4
brother, 4
[Exeunt.], 4
now?, 4
days., 4
Were, 4
fool, 4
left, 4
'Ay.', 4
jest, 4
Peace, 4
done., 4
honour, 4
already, 4
count, 4
Thus, 4
you?, 4
book, 4
yourself, 4
wings, 4
down., 4
things, 4
empty, 4
state, 4
oft, 4
dreams, 4
thus, 4
foul, 4
night's, 4
gentlemen!, 4
longer, 4
Welcome, 4
worn, 4
gone!, 4
is't, 4
man?, 4
voice, 4
boy., 4
dares, 4
scorn, 4
Young, 4
truth, 4
town, 4
to!, 4
man!, 4
saint, 4
prepare, 4
honest, 4
bed., 4
yond, 4
birth, 4
less, 4
power, 4
ran, 4
conjure, 4
anger, 4
spirit, 4
strange, 4
wish, 4
open, 4
moon, 4
wear, 4
speaks, 4
thyself, 4
hateful, 4
Art, 4
world., 4
trust, 4
it;, 4
have., 4
then., 4
back., 4
ghostly, 4
grace, 4
itself, 4
Within, 4
father., 4
met, 4
ring, 4
chide, 4
haste., 4
sure, 4
life., 4
letter., 4
flies, 4
form, 4
both., 4
wild, 4
you!, 4
you;, 4
fault, 4
hoar, 4
Sir, 4
minute, 4
there., 4
Commend, 4
knife, 4
[and, 4
news?, 4
Hast, 4
sour, 4
Fie, 4
short, 4
Church, 4
hot, 4
Either, 4
Make, 4
houses!, 4
child!, 4
slain;, 4
him;, 4
corse, 4
damned, 4
him!, 4
dead., 4
banishment., 4
Poor, 4
bed;, 4
falls, 4
slay, 4
Since, 4
hope, 4
monument, 4
alack, 4
needs, 4
County., 4
wake, 4
flowers, 4
'Heart's, 4
Apoth., 4
Laur., 4
strew, 4
Verona., 5
heads, 5
servant, 5
Two, 5
break, 5
end, 5
[Exit.], 5
ACT, 5
we'll, 5
while, 5
quickly, 5
dog, 5
stir, 5
maid, 5
shows, 5
men., 5
pretty, 5
hadst, 5
out., 5
Abr., 5
serve, 5
Tybalt., 5
Turn, 5
me;, 5
Speak, 5
either, 5
found, 5
morning, 5
seen, 5
far, 5
Ere, 5
Could, 5
morrow, 5
Out, 5
Alas, 5
rough, 5
all., 5
lovers', 5
will., 5
near, 5
wise, 5
now., 5
unto, 5
Farewell., 5
honourable, 5
consent, 5
hold, 5
Such, 5
dark, 5
May, 5
written, 5
writ, 5
mad, 5
letters, 5
Rosaline, 5
whom, 5
come., 5
knowest, 5
Faith, 5
days, 5
laid, 5
under, 5
quoth, 5
nay, 5
merry, 5
took, 5
Wilt, 5
wast, 5
lady!, 5
flower, 5
gives, 5
strength, 5
follow, 5
IV., 5
spoke, 5
We'll, 5
rude, 5
care, 5
torch, 5
day., 5
shape, 5
half, 5
o', 5
ear, 5
bosom, 5
done, 5
untimely, 5
V., 5
tale, 5
musicians, 5
that?, 5
cheek, 5
blessed, 5
hand., 5
it?, 5
fine, 5
thank, 5
wedding, 5
orchard., 5
[aside], 5
word., 5
tear, 5
murther, 5
night!, 5
next, 5
mine., 5
gave, 5
didst, 5
sound, 5
music, 5
Hence, 5
Laurence's, 5
me?, 5
man's, 5
youth, 5
Our, 5
That's, 5
Saint, 5
cheeks, 5
second, 5
lamentable, 5
bones, 5
Peter., 5
hare, 5
lady., 5
much., 5
joyful, 5
Laurence', 5
looks, 5
face., 5
speak., 5
fetch, 5
enough, 5
reason, 5
Prince's, 5
Mercutio's, 5
Stand, 5
kill'd, 5
slew, 5
exile, 5
night;, 5
there?, 5
living, 5
banished., 5
death;, 5
to-morrow., 5
John., 5
Montague., 6
Peter, 6
nurse., 6
From, 6
draw, 6
move, 6
wall., 6
feel, 6
thumb, 6
sir?, 6
remember, 6
sword, 6
three, 6
Old, 6
fire, 6
bloody, 6
close, 6
might, 6
home, 6
prove, 6
air, 6
See, 6
madam, 6
away, 6
Was, 6
having, 6
here?, 6
love!, 6
loving, 6
cold, 6
sick, 6
sea, 6
Farewell, 6
Tell, 6
hit, 6
eyes., 6
These, 6
II., 6
bound, 6
within, 6
love;, 6
behold, 6
stars, 6
last, 6
III., 6
Call, 6
here., 6
need, 6
once, 6
Exit, 6
so., 6
times, 6
men's, 6
straight, 6
chamber., 6
too., 6
sit, 6
yonder, 6
Like, 6
place, 6
Did, 6
sin, 6
means, 6
Mercutio., 6
kind, 6
through, 6
shame, 6
arm, 6
silver, 6
Sweet, 6
to-morrow, 6
[Laurence], 6
sudden, 6
marry, 6
Lord, 6
[Exit, 6
wife., 6
Hie, 6
late, 6
Upon, 6
lark, 6
play, 6
Get, 6
Chief, 6
Juliet's, 7
Mantua., 7
Verona, 7
fearful, 7
away., 7
therefore, 7
show, 7
turn, 7
case, 7
Wife, 7
Till, 7
mind, 7
noble, 7
Here's, 7
sleep, 7
this., 7
wit, 7
kiss, 7
hide, 7
canst, 7
since, 7
thousand, 7
Can, 7
beseech, 7
measure, 7
gone., 7
above, 7
Too, 7
tender, 7
to-night., 7
vile, 7
past, 7
watch, 7
so?, 7
What's, 7
calls, 7
meet, 7
words, 7
Alack, 7
pardon, 7
cell, 7
alone, 7
woes, 7
letter, 7
news, 7
body, 7
because, 7
haste, 7
weep, 7
Mantua, 7
Paris., 7
vault, 7
woful, 7
ancient, 8
quarrel, 8
off, 8
bite, 8
sir;, 8
death., 8
this?, 8
peace, 8
ground, 8
grave, 8
clouds, 8
himself, 8
beauty, 8
first, 8
At, 8
cousin, 8
forget, 8
her., 8
way, 8
else, 8
o'er, 8
child, 8
get, 8
comfort, 8
even, 8
though, 8
desperate, 8
die., 8
Stay, 8
years, 8
why, 8
2., 8
swear, 8
ye, 8
hither, 8
high, 8
best, 8
pale, 8
answer, 8
Look, 8
thing, 8
sorrow, 8
thought, 8
woe, 8
kinsman, 9
Capulet., 9
Benvolio, 9
wife, 9
daughter, 9
mean, 9
myself, 9
Take, 9
law, 9
talk, 9
hate, 9
foot, 9
On, 9
set, 9
came, 9
about, 9
Madam, 9
into, 9
love?, 9
Yet, 9
love's, 9
grief, 9
ill, 9
she's, 9
Nor, 9
rich, 9
only, 9
black, 9
house., 9
great, 9
saw, 9
none, 9
lady's, 9
against, 9
well., 9
husband, 9
marriage, 9
mother, 9
every, 9
soul, 9
ne'er, 9
More, 9
alone., 9
faith, 9
kill, 9
twenty, 9
cell., 9
dead!, 9
full, 9
bring, 9
Tybalt's, 9
slain, 9
Bal., 9
Watch., 9
Nurse, 10
hands, 10
forth, 10
better, 10
Have, 10
ho!, 10
Mon., 10
Hold, 10
shalt, 10
lives, 10
rest, 10
Exeunt, 10
Romeo?, 10
heavy, 10
happy, 10
without, 10
His, 10
master, 10
dream, 10
Than, 10
again., 10
says, 10
send, 10
tongue, 10
help, 10
All, 10
Death, 10
Pet., 10
friend, 11
lay, 11
makes, 11
I., 11
fear, 11
bear, 11
sir., 11
down, 11
nothing, 11
sun, 11
soon, 11
nor, 11
gentle, 11
whose, 11
he's, 11
said, 11
world, 11
poison, 11
run, 11
warrant, 11
another, 11
gentleman, 11
joy, 11
breath, 11
Hath, 11
Lady, 12
Juliet., 12
Doth, 12
could, 12
being, 12
ever, 12
not., 12
villain, 12
Will, 12
again, 12
head, 12
many, 12
me!, 12
leave, 12
poor, 12
One, 12
Capulet's, 12
face, 12
little, 12
Her, 12
dost, 12
Thursday, 12
Mercutio, 13
new, 13
men, 13
Your, 13
own, 13
most, 13
Being, 13
tears, 13
bed, 13
love., 13
still, 13
Be, 13
thine, 13
pray, 13
Exit., 13
same, 13
fall, 13
Marry, 13
put, 13
Some, 13
life, 13
1., 13
There, 13
friar, 13
Mother., 13
Prince, 14
both, 14
blood, 14
live, 14
thee., 14
Let, 14
Give, 14
long, 14
who, 14
hour, 14
early, 14
Not, 14
die, 14
earth, 14
had, 14
lips, 14
use, 14
day!, 14
Mus., 14
son, 15
Greg., 15
any, 15
When, 15
They, 15
Nay, 15
those, 15
ere, 15
stay, 15
father, 15
lie, 15
Ah, 15
County, 15
lies, 15
till, 15
Romeo!, 15
man., 15
Therefore, 16
it., 16
keep, 16
made, 16
eyes, 16
Exeunt., 16
lord, 16
eye, 16
Shall, 16
gone, 16
name, 16
young, 17
two, 17
house, 17
other, 17
Do, 17
Tyb., 17
call, 17
Who, 17
before, 17
night., 17
hence, 17
think, 17
stand, 17
never, 17
married, 17
speak, 17
Prince., 18
word, 18
part, 18
We, 18
Serv., 18
nurse, 18
hand, 18
him., 18
holy, 18
Capulet, 19
hear, 19
light, 19
Romeo's, 19
Thy, 19
Lady., 19
Montague, 20
Romeo., 20
Samp., 20
'Tis, 20
been, 20
Here, 20
look, 20
Wife., 20
He, 20
true, 20
heart, 20
cannot, 20
find, 20
God, 20
bid, 20
Paris, 21
'tis, 21
back, 21
Well, 21
An, 22
where, 22
Ay, 22
comes, 22
Good, 22
mine, 22
dear, 22
Friar, 23
us, 23
you., 23
wilt, 23
hast, 23
She, 23
Par., 23
Scene, 24
No, 24
You, 24
With, 24
time, 24
sweet, 24
day, 24
lady, 24
Now, 24
very, 24
sir, 25
heaven, 25
old, 26
me., 27
well, 27
Where, 28
Or, 28
By, 28
So, 28
Then, 28
dead, 28
How, 28
If, 29
see, 29
Of, 29
Go, 29
Which, 30
how, 30
much, 30
take, 31
let, 31
Why, 31
did, 31
give, 31
were, 32
which, 33
can, 33
In, 34
know, 34
like, 34
As, 35
doth, 35
yet, 35
these, 36
make, 36
Juliet, 37
Is, 37
them, 37
when, 37
It, 37
than, 37
man, 38
must, 38
upon, 38
Come, 38
tell, 38
death, 39
go, 39
fair, 40
too, 40
there, 40
out, 41
Thou, 41
This, 41
such, 41
night, 41
Tybalt, 42
or, 42
was, 42
may, 42
they, 43
say, 43
some, 43
now, 44
here, 45
up, 45
their, 46
then, 46
should, 46
we, 47
one, 47
art, 49
My, 49
come, 49
more, 52
hath, 52
would, 52
Friar., 52
Cap., 53
if, 54
am, 55
our, 56
good, 59
are, 60
what, 60
For, 60
at, 62
an, 62
Mer., 62
A, 64
Ben., 64
on, 66
do, 69
him, 69
no, 70
I'll, 71
The, 73
That, 77
by, 79
Enter, 79
all, 79
from, 80
To, 81
Romeo, 83
But, 83
she, 85
your, 88
shall, 91
love, 96
he, 96
What, 98
but, 100
Nurse., 100
so, 104
have, 111
thee, 114
Jul., 117
as, 120
will, 127
his, 129
her, 129
thy, 145
O, 147
for, 161
it, 161
Rom., 163
this, 164
be, 194
me, 209
not, 226
with, 227
And, 229
you, 231
thou, 234
that, 261
in, 281
is, 300
my, 310
of, 369
a, 396
to, 452
and, 477
I, 560
the, 601
